{
  "Delete Book" : {
    "transaction" : "Delete Book",
    "sampleCount" : 47,
    "errorCount" : 0,
    "errorPct" : 0.0,
    "meanResTime" : 69.78723404255318,
    "medianResTime" : 69.0,
    "minResTime" : 64.0,
    "maxResTime" : 82.0,
    "pct1ResTime" : 75.4,
    "pct2ResTime" : 80.79999999999998,
    "pct3ResTime" : 82.0,
    "throughput" : 8.69243573145922,
    "receivedKBytesPerSec" : 1.7911171282596634,
    "sentKBytesPerSec" : 2.1236215785093395
  },
  "Get Books" : {
    "transaction" : "Get Books",
    "sampleCount" : 50,
    "errorCount" : 0,
    "errorPct" : 0.0,
    "meanResTime" : 374.5,
    "medianResTime" : 95.0,
    "minResTime" : 80.0,
    "maxResTime" : 5764.0,
    "pct1ResTime" : 216.29999999999998,
    "pct2ResTime" : 3839.2499999999986,
    "pct3ResTime" : 5764.0,
    "throughput" : 4.932425766992207,
    "receivedKBytesPerSec" : 692.3963959381473,
    "sentKBytesPerSec" : 0.7417905938640623
  },
  "Total" : {
    "transaction" : "Total",
    "sampleCount" : 191,
    "errorCount" : 0,
    "errorPct" : 0.0,
    "meanResTime" : 152.5026178010472,
    "medianResTime" : 74.0,
    "minResTime" : 64.0,
    "maxResTime" : 5764.0,
    "pct1ResTime" : 102.20000000000005,
    "pct2ResTime" : 162.39999999999998,
    "pct3ResTime" : 4147.559999999972,
    "throughput" : 18.84186642991023,
    "receivedKBytesPerSec" : 697.8936422573246,
    "sentKBytesPerSec" : 3.6769692709874713
  },
  "Get Book" : {
    "transaction" : "Get Book",
    "sampleCount" : 47,
    "errorCount" : 0,
    "errorPct" : 0.0,
    "meanResTime" : 79.70212765957446,
    "medianResTime" : 76.0,
    "minResTime" : 70.0,
    "maxResTime" : 134.0,
    "pct1ResTime" : 88.4,
    "pct2ResTime" : 117.19999999999976,
    "pct3ResTime" : 134.0,
    "throughput" : 8.589181286549707,
    "receivedKBytesPerSec" : 6.216305738304093,
    "sentKBytesPerSec" : 1.3427734375
  },
  "Post Book" : {
    "transaction" : "Post Book",
    "sampleCount" : 47,
    "errorCount" : 0,
    "errorPct" : 0.0,
    "meanResTime" : 71.85106382978721,
    "medianResTime" : 71.0,
    "minResTime" : 65.0,
    "maxResTime" : 109.0,
    "pct1ResTime" : 75.80000000000001,
    "pct2ResTime" : 81.6,
    "pct3ResTime" : 109.0,
    "throughput" : 8.542348237004726,
    "receivedKBytesPerSec" : 2.185639880952381,
    "sentKBytesPerSec" : 1.9854285941475829
  }
}