{
  "Post Books" : {
    "transaction" : "Post Books",
    "sampleCount" : 3977,
    "errorCount" : 0,
    "errorPct" : 0.0,
    "meanResTime" : 104.2748302740759,
    "medianResTime" : 97.0,
    "minResTime" : 65.0,
    "maxResTime" : 458.0,
    "pct1ResTime" : 146.0,
    "pct2ResTime" : 161.0,
    "pct3ResTime" : 185.2199999999998,
    "throughput" : 66.99910712781549,
    "receivedKBytesPerSec" : 17.14234967528092,
    "sentKBytesPerSec" : 15.572058101972742
  },
  "Delete Book" : {
    "transaction" : "Delete Book",
    "sampleCount" : 3961,
    "errorCount" : 0,
    "errorPct" : 0.0,
    "meanResTime" : 95.31078010603392,
    "medianResTime" : 89.0,
    "minResTime" : 65.0,
    "maxResTime" : 402.0,
    "pct1ResTime" : 127.0,
    "pct2ResTime" : 142.0,
    "pct3ResTime" : 169.3800000000001,
    "throughput" : 66.98119588744589,
    "receivedKBytesPerSec" : 13.801789386963947,
    "sentKBytesPerSec" : 16.36590998926204
  },
  "Get Books" : {
    "transaction" : "Get Books",
    "sampleCount" : 3987,
    "errorCount" : 0,
    "errorPct" : 0.0,
    "meanResTime" : 149.84449460747467,
    "medianResTime" : 132.0,
    "minResTime" : 80.0,
    "maxResTime" : 1372.0,
    "pct1ResTime" : 193.0,
    "pct2ResTime" : 226.5999999999999,
    "pct3ResTime" : 727.2399999999998,
    "throughput" : 66.32288114447309,
    "receivedKBytesPerSec" : 6326.564335674332,
    "sentKBytesPerSec" : 9.974339547118024
  },
  "Total" : {
    "transaction" : "Total",
    "sampleCount" : 15891,
    "errorCount" : 0,
    "errorPct" : 0.0,
    "meanResTime" : 113.25725253287985,
    "medianResTime" : 102.0,
    "minResTime" : 65.0,
    "maxResTime" : 1372.0,
    "pct1ResTime" : 158.0,
    "pct2ResTime" : 177.0,
    "pct3ResTime" : 260.3199999999997,
    "throughput" : 264.3433419279714,
    "receivedKBytesPerSec" : 6404.8206107564665,
    "sentKBytesPerSec" : 51.76474907469017
  },
  "Get Book" : {
    "transaction" : "Get Book",
    "sampleCount" : 3966,
    "errorCount" : 0,
    "errorPct" : 0.0,
    "meanResTime" : 103.40746343923354,
    "medianResTime" : 96.0,
    "minResTime" : 70.0,
    "maxResTime" : 424.0,
    "pct1ResTime" : 140.0,
    "pct2ResTime" : 156.0,
    "pct3ResTime" : 182.32999999999993,
    "throughput" : 66.99777011960268,
    "receivedKBytesPerSec" : 48.493827707953244,
    "sentKBytesPerSec" : 10.474934433914454
  }
}